正義	words/seigi.mp3
完璧	words/kanpeki.mp3
最強だから	phrases/saikyo-dakara.mp3
正義だから	phrases/seigi-dakara.mp3
完璧だから	phrases/kanpeki-dakara.mp3
さい	word-chunks/sai.mp3
きょう	word-chunks/kyo.mp3
せい	word-chunks/sei.mp3
ぎ	word-chunks/gi.mp3
かん	word-chunks/kan.mp3
ぺき	word-chunks/peki.mp3
最強	phrase-chunks/saikyo.mp3
正義	phrase-chunks/seigi.mp3
完璧	phrase-chunks/kanpeki.mp3
だから	phrase-chunks/dakara.mp3
大丈夫	sentence-chunks/daijobu.mp3
危ない	sentence-chunks/abunai.mp3
僕	sentence-chunks/boku.mp3
君	sentence-chunks/kimi.mp3
完璧	sentence-chunks/kanpeki.mp3
最強	sentence-chunks/saikyo.mp3
正義	sentence-chunks/seigi.mp3
だから	sentence-chunks/dakara.mp3
なのに	sentence-chunks/nanoni.mp3
へえ	dialogue-chunks/hee.mp3
すごいね	dialogue-chunks/sugoi-ne.mp3
だいじょうぶ。ぼく、せいぎだから。	sentences/seigi-exposure-minami.mp3
